dt,mean,stdev
0.5
01,154.408,3.1026,199.706,50.965,199.707,50.9653,99.3839,2.90336,99.3843,2.90231
03,154.41,3.10104,200.109,50.9148,200.112,50.9149,99.1378,2.83792,99.1437,2.83882
06,154.413,3.1014,197.66,51.1423,197.654,51.1389,99.1429,2.84045,99.1415,2.83894
09,154.411,3.10311,196.433,51.2094,196.431,51.2153,99.1309,2.84579,99.1357,2.84445
15,154.418,3.09949,198.485,51.0758,198.486,51.0883,99.1301,2.96869,99.1268,2.96958
30,154.414,3.10245,200.123,50.9077,200.121,50.9153,99.144,2.96471,99.1388,2.96529
45,154.417,3.11198,195.638,51.2546,195.63,51.2527,99.156,2.95318,99.1551,2.95381
90,154.428,3.10715,198.514,51.1156,198.518,51.1187,99.1398,2.9176,99.1427,2.91856
