dt,Temp,rmse[Temp],PotEng,rmse[PotEng],Press,rmse[Press],MolPress,rmse[MolPress]
0.5,296.59656514280033,2.6518135794537944E-002,5480.1447041642577,13.411621760929632,340.55291608367168,12.435632390626683,337.12361625619423,18.549125706000936
01,148.83962551033019,7.1175071376633446E-003,5477.3399115714592,9.4432232032810131,424.04117948460436,6.3960054309952294,356.48204253012676,19.137680518145952
03,148.55092044170996,6.9535910047428375E-003,5491.2842795444067,7.1372226029204509,1193.3249597237866,6.4333115843824862,352.84505178392823,22.997819668538057
06,148.54233680380202,7.1101926231107084E-003,5457.6580320426938,11.394708612537212,1210.0076953840810,6.4002996669987384,356.29259260719499,15.412456531872154
09,148.54958240384943,6.9693741180411545E-003,5490.3307847348215,13.371185779491144,1269.0842147649603,6.4418573640636572,395.90692904062246,17.481570669085510
15,149.10366093542473,7.1264962721547757E-003,5476.2234564529954,12.829909740565984,1198.1302743954325,6.4783030814081082,308.82429707915946,15.617276193955377
30,149.48523149556851,6.9425478419558942E-003,5517.6181375850874,15.038501728742879,1143.4915574586644,6.4684445873333365,360.85484563951786,32.097973770018669
45,149.88077377177615,7.0774539508276415E-003,5509.6379118708383,9.8001460017385220,1072.3618889736440,6.4831705476781059,304.99660356042205,19.201842357612382
90,152.82455039962329,7.2368443251539603E-003,5576.1116007716109,10.612883292545048,945.21125385064965,6.4432300170470977,236.91670535217256,21.459498900880519
