dt,Temp,rmse[Temp],PotEng,rmse[PotEng],Press,rmse[Press],MolPress,rmse[MolPress]
0.5,296.59656514280033,2.6518135794537944E-002,5480.1447041642577,13.411621760929632,340.55291608367168,12.435632390626683,337.12361625619423,18.549125706000936
01,148.84935549943057,4.9402105101683420E-003,10942.267468402872,13.191073052745322,421.33009393398532,8.5548524029056381,349.18043041877047,10.591292177863819
03,148.54094813493123,4.9081459094745452E-003,10916.888980621734,16.251944554460806,1199.2518085139959,4.5296279822441212,359.11679462155530,11.856613065084261
06,148.54175632615900,4.9927206621096674E-003,10944.717173917677,16.736532643062930,1176.5662349634920,4.4972226688291403,329.16732323334503,10.547484657558767
09,148.54883708232254,4.9224022792881284E-003,10925.257940726604,14.815912621900926,1216.6204516387895,4.5265168388693588,341.99287041058034,11.189379552973481
15,149.12688977903409,4.9423702779863203E-003,10986.993943716228,13.243324174041360,1249.7269977637254,4.5773781960786746,363.24758049650546,12.024230349275760
30,149.49277143730151,4.8665353427796657E-003,11017.087726593518,12.110195781492893,1117.4547065463544,4.5565785887918242,343.70347845148586,12.033899048269602
45,149.89633510467073,5.0933176850701195E-003,11052.553488969010,15.154881675874625,1128.6218010741597,10.079204084362740,332.03974128589175,8.5639024909209454
90,152.89227023792910,5.8035386838722241E-003,11172.340445770422,19.616523309914847,963.71090339958414,11.017286186328526,259.72299511717574,17.344839674610988
