dt,mean,stdev
0.5,154.412,3.10327,200.12,50.9243,200.119,50.9234,99.4009,2.91149,99.4076,2.91405
01
03
06
09
15
30
45
90
