dt,mean,stdev
0.5,154.412,3.10327,200.12,50.9243,200.119,50.9234,99.4009,2.91149,99.4076,2.91405
01,154.418,3.10155,198.097,51.1277,198.091,51.1265,99.4024,2.91213,99.4026,2.91357
03,154.412,3.10364,196.86,51.1968,196.839,51.1818,99.4084,2.89527,99.4045,2.89414
06,154.408,3.10312,197.262,51.18,197.261,51.1802,99.4002,2.89311,99.405,2.89612
09,154.411,3.10139,199.304,51.0135,199.31,51.0161,99.3945,2.8965,99.4111,2.89485
15,154.411,3.10355,199.72,50.9796,199.723,50.9818,99.4145,2.89388,99.4128,2.89822
30,154.417,3.10253,200.958,50.8328,200.967,50.8463,99.4092,2.89822,99.4251,2.89833
45,154.416,3.10198,200.125,50.923,200.132,50.9264,99.4103,2.89901,99.4057,2.89235
90,154.414,3.1036,197.67,51.1465,197.677,51.1535,99.4147,2.89529,99.4104,2.89608
