dt,Temp,rmse[Temp],PotEng,rmse[PotEng],Press,rmse[Press],MolPress,rmse[MolPress]
0.5,296.50976576163100,1.8874162677251446E-002,10933.307895459582,15.567838351088810,276.53712912559479,16.202265498566259,281.92464518446587,18.749027672389751
01,296.50421999734652,1.9125339417316419E-002,10903.960356260019,39.892741981724519,285.83329302563249,21.868251844938673,280.69398981649942,32.814171150303515
03,296.04640317036791,1.8820396018445790E-002,10909.321869660682,16.897943307764560,299.43228238407801,14.666283038472915,301.41550338046619,19.207786962719240
06,296.04998221031434,1.8742213654393110E-002,10895.381242990861,21.709942996269149,298.57254985171653,12.639856929633718,308.07278784338763,19.576885322508318
09,296.04119922507226,1.8824063884968333E-002,10957.394556355226,22.871849961745333,317.91311885808955,16.273371520539687,326.35651379160578,18.990476390011150
15,296.12032716356578,1.8715750092577144E-002,10928.401515187041,24.632170567726533,320.69004526050304,14.124012098071384,317.11259945149845,23.791347550633731
30,297.03353050984668,1.8796935729018020E-002,11016.659847535369,22.245546394600666,329.12383094099806,19.908048845951324,343.00883985431597,22.413594059307897
45,298.94738842785995,1.9064175350473330E-002,10969.080538553873,17.491673763629702,305.95434511185886,11.247405525403879,306.58938595143280,17.920033480944436
90,311.06541952747722,2.2160443994924704E-002,10970.446511237775,23.121394074942426,284.63452613522338,22.606430202843878,300.04836628132841,34.468155696301089
