dt,Temp,rmse[Temp],PotEng,rmse[PotEng],Press,rmse[Press],MolPress,rmse[MolPress]
0.5,296.59656514280033,2.6518135794537944E-002,5480.1447041642577,13.411621760929632,340.55291608367168,12.435632390626683,337.12361625619423,18.549125706000936
01,296.50668021710999,2.7052080729224715E-002,5490.5998676104873,11.909986689995025,284.87283279273271,19.714537163741987,285.66929846246012,28.504485910831765
03,296.05056067549145,2.6592191685268315E-002,5477.5633178505914,19.959641201751115,332.04009312792988,15.831864082083323,338.85022767067113,21.477611182118817
06,296.04887058659409,2.6558755010626389E-002,5486.7725238653939,8.9110811023629797,329.00094276489347,17.246240611709410,335.22254547893027,24.976920202400994
09,296.05762522658057,2.6544484333941094E-002,5479.6505385421660,10.568258519685735,339.47639001812558,20.556583663617452,348.20316842102596,39.992175027215403
15,296.09333439095371,2.6481067577307130E-002,5454.8633513458190,17.591341421828872,327.04418993865482,23.314766968607046,330.09513264850347,28.935100347804401
30,296.93248329588795,2.6745895567110104E-002,5439.9967271031828,17.138864148411592,318.25060265913089,17.280850827386381,321.04726455552191,21.953093094700321
45,298.83078891635859,2.7035541167869537E-002,5474.7483317331744,10.433496952339599,272.50085236521716,15.477362353465688,284.37019391793837,23.521483366537677
90,310.56560389871339,3.1807544198005293E-002,5467.3931586800436,11.984047605951684,346.79805811913434,19.808795991433744,360.87200479945278,34.424173226921447
